id,name,price,brand
1,Turner,7416,Argentum Bryophyllum
2,Aldus,6996,ck one 3-in-1 face makeup
3,Ellene,3812,Nitrogen
4,Nathaniel,4505,Thiothixene
5,Eleanor,9785,Gentle Laxative
6,Phyllis,6688,DHC Salicylic Acne Wash
7,Weider,2778,Antiseptic Mouth Rinse
8,Nerte,2816,SUPREME SKINPIA 10 SUN BLOCK
9,Marlena,9142,Ativan
10,Beatriz,3762,care one pain relief
11,Clim,7279,Apis Aconitum
12,Xever,8257,Glipizide
13,Hayward,2405,PureLife Topical Anesthetic
14,Rosella,3441,Absorica
15,Alexander,9103,Arneu
16,Gianna,7042,DryMax
17,Neal,3685,ANBESOL REGULAR STRENGTH
18,Elie,6837,medroxyprogesterone acetate
19,Giorgia,2954,Pain Relief PM
20,Goraud,4339,ONDANSETRON HYDROCHLORIDE
21,Sharron,7180,Femara
22,Barbara-anne,5592,Betimol
23,Greta,9192,Han-I-Foam
24,Aida,4296,Geri Mucil
25,Jeffie,8083,HurriCaine
26,Marya,2197,Phisoderm Clear Confidence Daily Gel Face Wash
27,Heall,7806,Uroxatral
28,Kerri,2566,Junior Aspirin Free Rapid Tabs
29,Fair,3806,Advanced Protection
30,Ly,7334,Antibacterial Hand Mistletoe and Mint
31,Bertram,9187,H-Balm Control
32,Fowler,5523,KETOPROFEN
33,Ignatius,4949,Onfi
34,Minetta,6804,Antispetic
35,Jase,2737,Promethazine Hydrochloride
36,Mandy,8637,Sheer Defense Tinted Moisturizer SPF 15 ML 30
37,Nickola,6453,Rapid Comfort Non Aspirin
38,Nikolia,8964,Ropinirole Hydrochloride
39,Farly,9445,Glyburide
40,Tiphani,8498,Mepivacaine
41,Carey,6512,Allerforce
42,Westley,1966,"Acetaminophen, Diphenhydramine Hydrochloride, Phenylephrine Hydrochloride"
43,Bibbye,9890,ProHance
44,Ax,8689,Ropinirole
45,Carola,1692,LBEL RENOVANCE JOUR Daytime Face SPF 15 All Skin Types
46,Crichton,6388,Lisinopril
47,Darrin,5752,Ulta Sparkling Lemon Anti-Bacterial Deep Cleansing
48,Kerk,5186,Childrens Ibuprofen
49,Standford,1474,good neighbor pharmacy migraine relief
50,Odell,8095,Ala Scalp
51,Marsha,9680,Metronidazole
52,Ailey,4150,Gabapentin
53,Rhonda,9060,berkley and jensen acetaminophen
54,Ashby,4440,Actos
55,Birgit,9183,Ban
56,Mart,6452,risperidone
57,Barr,3724,CUCUMBER MELON ANTIBACTERIAL SANITIZER
58,Cathrine,7277,Spironolactone
59,Dacy,9326,Fluphenazine Hydrochloride
60,Hillier,7693,Ferrum sidereum Pancreas 10/4 Special Order
61,Ina,5784,Antibacterial Foaming Hand Cleanser
62,Rubie,7076,Topcare ZZZ Sleep
63,Guenna,9319,Isoniazid
64,Adelina,7935,Amitriptyline Hydrochloride
65,Agretha,2133,Hydrocortisone
66,Myrna,5546,Propranolol
67,Gae,6589,Warfarin Sodium
68,Darby,3938,Hot Flash Rescue
69,Brew,5870,APPLE
70,Mora,4590,HGH
71,Gerek,3659,Omeprazole
72,Beck,3489,Vibativ
73,Hewett,6280,Valsartan and Hydrochlorothiazide
74,Giusto,9080,DEXAMETHASONE
75,Rosette,3103,YSNORE
76,Nathanil,9507,ACETANILIDUM
77,Taylor,5421,Lisinopril
78,Alvina,9911,Foscarnet Sodium
79,Michaeline,7934,Nortriptyline Hydrochloride
80,Robin,3605,Fluticasone
81,Karylin,1801,Aminosyn-PF
82,Berty,6785,Rodan and Fields Redefine AM
83,Traver,5804,Topcare Nite Time
84,Anton,8144,NEXIUM
85,Marie,9156,SINEMET
86,Garnette,8419,Galantamine
87,Davin,2357,Glimepiride
88,Niki,7059,Givenchy Photo Perfexion Fluid Foundation Broad Spectrum SPF 20 Perfect Cinnamon
89,Abby,2765,ZeroSweat
90,Billi,1722,PHENDIMETRAZINE TARTRATE
91,Mel,4560,Aspirin
92,Aili,1051,Laxative Pills
93,Ashil,5319,Travatan Z
94,Job,5802,Warfarin Sodium
95,Carolin,4964,Avandia
96,Laryssa,1227,GMC Medical
97,Gerik,9899,Methocarbamol
98,Ivette,8762,False Ragweed
99,Flori,5574,ORGAN-I NR
100,Kameko,3288,Bobbi Brown CC BROAD SPECTRUM SPF 25
101,Eleonore,3336,Banana Boat
102,Ambrosio,6185,Aralast
103,Justis,9668,Ibuprofen
104,Charlton,5355,OXYMETAZOLINE HYDROCHLORIDE
105,Carolina,4957,Hydrocodone Bitartrate and Acetaminophen
106,Anna,8777,CLEANpHIRST Alcohol Free Antiseptic Hand Sanitizer
107,Marketa,9401,ABILIFY
108,Rowland,3611,Alacort
109,Britni,4844,Tizanidine
110,Skippy,2117,Peptic Relief
111,Regine,4590,Acetaminophen
112,Virgina,2170,Actoplus Met
113,Jennifer,7023,Dextrose And Sodium Chloride
114,Freddy,3617,Hydrocortisone Maximum Strength
115,Conney,7062,Pentazocine and Naloxone
116,Cherlyn,6614,CVS Pharmacy
117,Burty,4859,Escitalopram
118,Jenny,3826,Saccharomyces cerevisiae
119,Ennis,1822,TRANZGEL
120,Kirsteni,4778,Dicyclomine Hydrochloride
121,Kippy,6846,Vitamin A D
122,Agneta,3717,Amiodarone HCl
123,Burke,1720,EPIPEN
124,Cicely,5340,OrthoWash
125,Joellen,9843,Daytime Nitetime
126,Edie,1637,Iodine Bush
127,Virginia,8778,Minocycline Hydrochloride
128,Barthel,4851,Nicotine
129,Willetta,5708,Chicken Feathers
130,Demetre,3500,Extra Strength Mapap
131,Jecho,8173,Ceftazidime
132,Grange,5571,Spatherapy
133,Kenneth,3306,Sodium Bicarbonate
134,Barbi,7996,Exuviance Clear and Smooth Daily Exfoliating Anti- Blemish Pads
135,Orv,9673,Tramadol ER
136,Rikki,5260,Match Perfection SPF 18
137,Morlee,2961,SHISEIDO ADVANCED HYDRO-LIQUID COMPACT (REFILL)
138,Goddard,2318,TYLO
139,Cherianne,6343,Propranolol
140,Anallese,2776,AMITRIPTYLINE HYDROCHLORIDE
141,Olin,6081,Pazol
142,Libbie,3751,PROVON Antibacterial Foam Handwash
143,Cacilia,5919,Papaverine Hydrochloride
144,Deb,6476,LBEL EFFET PARFAIT filling effect foundation SPF 10 - MEDIUM 6
145,Cassandre,3676,Ibuprofen
146,Harris,5240,Lisinopril
147,Law,8853,Amoxicillin and Clavulanate Potassium
148,Bettye,4724,Naropin
149,Warner,2659,Canova Immune Support
150,Karilynn,5401,Triamterene and Hydrochlorothiazide
151,Erhart,1864,Pulmovac
152,Carmon,5569,napoleon PERDIS AUTO PILOT BBB CREAM BROAD SPECTRUM SPF 30 LIGHT-MEDIUM
153,Camila,5710,Antimicrobial Hand
154,Marge,7681,Multivitamin Bodyblock
155,Elga,7944,Isopro First Aid
156,Riki,6825,ERY-TAB
157,Terrye,8681,Oxymorphone Hydrochloride
158,Emanuel,8448,Cavan-EC SOD DHA
159,Kristos,3169,Lamotrigine
160,Zahara,2707,Penicillin V Potassium
161,Lynda,6032,Cantharis Kit Refill
162,Jillian,5198,good neighbor pharmacy pain relief
163,Holmes,6446,Simvastatin
164,Shermie,5007,Acyclovir Sodium
165,Zebedee,5562,METRONIDAZOLE
166,Elisabetta,1542,Ibuprofen and Diphenhydramine Citrate
167,Rozele,8892,FERRUM PHOSPHATE
168,Rebbecca,1771,Covergirl Queen Collection All Day Flawless 3in1 Foundation
169,Andreana,2796,Metformin Hydrochloride
170,Lewiss,4983,Alprostadil
171,Jillayne,7114,Pramipexole Dihydrochloride
172,Lil,8727,VALPROIC ACID
173,Renard,7697,Sinusitis
174,Tarah,1400,Dallergy
175,Tonia,1243,Promethazine Hydrochloride
176,Corabelle,3538,Pink Lemonade Hand Sanitizer
177,Gawen,6646,FREDS ADVANCED EYE DROPS
178,Rheta,3014,Regonol
179,Charlie,1761,ibuprofen
180,Ted,3230,Soothe and Cool Free Medseptic
181,Eleanor,2323,Dicyclomine Hydrochloride
182,Kakalina,2008,Guaifenesin DM
183,Sayre,8869,Allscale
184,Lida,4977,"Redtop Grass, Standardized"
185,Austine,2862,PAROXETINE HYDROCHLORIDE
186,Leola,8766,Sof Skin Baby Oil
187,Delila,1982,Gabapentin
188,Fidole,5959,Instant Hand Sanitizer
189,Jeanine,8888,Equate Nicotine
190,Doy,4208,LEVOFLOXACIN
191,Rockie,5398,OXYGEN
192,Hestia,4878,HOUSE DUST
193,Tiertza,8873,ORRIS ROOT
194,Kira,1602,H-Balm Cleanse
195,Codee,9795,Dicloxacillin Sodium
196,Carmon,8233,Verelan
197,Minni,8067,Lemon Zest Antibacterial Foaming Hand Wash
198,Darryl,4376,RESILIENCE LIFT EXTREME CREME COMPACT MAKEUP
199,Belia,7587,Filbert
200,Isadora,9605,stila CC color correcting broad-spectrum SPF 20 07 DARK
201,Rhianna,4834,Jun Wai Lung Medicine
202,Libby,4610,OXYBUTYNIN CHLORIDE
203,Northrop,8460,albuterol sulfate
204,Brooke,9362,IOPE RETIGEN MOISTURE TWIN CAKE NO.23
205,Katti,3131,Love and Beauty Melon and Mint Anti-Bacterial Hand Sanitizer
206,Timmie,8483,Gabapentin
207,Udell,1260,Pomegranate Antibacterial Foaming Hand Wash
208,Saundra,3132,Impact Fix Prism Two Way Cake
209,Daphne,4047,H Plus Care Medicated Wipes
210,Domingo,8543,ZONISAMIDE
211,Flynn,3964,Sodium Sulfacetamide and Sulfur
212,Fulton,6587,9-1-1 Burnout
213,Kalil,2417,Nortriptyline Hydrochloride
214,Jakob,3648,CataractClear
215,Rubia,6588,Diprivan
216,Kingsly,7472,Keppra
217,Chase,8192,1 hydrocortisone
218,Lynnet,5468,ZUSKA
219,Lowell,9914,La Roche Posay Redermic C UV Sunscreen
220,Ker,1732,Atenolol
221,Magdalena,9459,Tranylcypromine Sulfate
222,Logan,9539,Eye Lubricant
223,Murdock,4579,Cisplatin
224,Christiana,4170,DuoNeb
225,Murray,7292,bareMinerals 5-in-1 BB Advanced Performance Eyeshadow Broad Spectrum SPF 15
226,Hermione,6818,Glyburide
227,Madelina,9759,Lemon and Basil Antibacterial Foaming Hand Wash
228,Jobey,3289,AMRIX
229,Megen,6868,Lidocaine Hydrochloride
230,Charis,8150,Lisinopril
231,Eal,3025,Aureobasidium pullulans
232,Carey,2007,Tecnu First Aid
233,Sigrid,7818,Cephalexin
234,Janie,1341,Casein
235,Ignazio,5771,Hydrocortisone
236,Saunders,2850,Thyreoidea Belladonna
237,Tadeo,3526,Aspirin
238,Gabriello,2146,Eve Lom Brilliant Cover Concealer Broad Spectrum SPF 15 Sunscreen
239,Garvy,3444,ACER SACCHARUM POLLEN
240,Lauren,5423,aspirin
241,Joey,6302,Aspirin
242,Kala,4329,Haddock
243,Kimbell,2528,Fluconazole
244,Didi,5791,Sorbet APF
245,Fredra,5043,Coppertone Water Babies Sunscreen
246,Griffith,4551,Evervescence Daily Facial Moisturizer Broad Spectrum SPF15 Sunscreen
247,Zacharias,8895,Amiodarone Hydrochloride
248,Brig,2984,Bio Vine
249,Wes,5756,Meloxicam
250,Natala,8117,Carvedilol
251,Cordie,7504,Bupropion Hydrochloride
252,Monte,8994,Nux vomica Chamomilla
253,Eleen,4929,Ketorolac Tromethamine
254,Sashenka,4860,Isomers Clear Skin Acne Treatment Cleanser
255,Tiffanie,9218,Good Neighbor Senna
256,Demeter,5367,Artificial Tears
257,Darrelle,8047,"Rye Grass, Perennial Standardized"
258,Dimitri,5338,Fexofenadine HCl
259,Adler,2218,BB Tinted Treatment 12-hour Primer Broad Spectrum SPF 30 Sunscreen
260,Fulvia,9398,Olanzapine
261,Constantine,1758,METHOTREXATE
262,Marne,4726,Lorazepam
263,Patin,4751,GOOD NEIGHBOR PHARMACY DIAPER RASH
264,Joannes,7102,SUPER LIGHT TOUCH BB PACT
265,Frederigo,2906,Pleo Fort
266,Nell,8565,Silicea
267,Pammi,3256,Primidone
268,Shellysheldon,4755,Amoxicillin
269,Mersey,7099,Cold and Flu
270,Velvet,8127,Letrozole
271,Jonathon,6441,OXYGEN
272,Maxi,4600,Poly-Hist DM
273,Pennie,8977,LiquiTears
274,Peta,2390,Muscle Rub Ultra
275,Mora,9758,Gemfibrozil
276,Joella,7998,Promolaxin
277,Ronny,3032,allergy relief eye
278,Kylila,2302,Hydroxyzine Hydrochloride
279,Ellyn,3858,Box Elder
280,Bette-ann,1786,FiberTab
281,Clementia,2114,Nimbex
282,Casey,2309,SENSAI
283,Carry,2412,Meloxicam
284,Dilly,5827,Cephalexin
285,Nert,5134,NIFEDIPINE
286,Jenn,1368,Danazol
287,Ketti,9734,Stool Softener
288,Eric,4844,Bupropion Hydrochloride
289,Devy,3864,Ecolab
290,Wynne,3276,Colgate
291,Hussein,7382,RELNATE DHA
292,Penn,5072,Indomethacin
293,Marjy,6878,Dollar General Gold
294,Adelina,1759,Face Mix Skin Foundation
295,Cayla,2961,Bladder Incontinence
296,Bobby,4164,BOSULIF
297,Arman,6462,Azithromycin
298,Geordie,5006,Nitrous Oxide
299,Ashley,4167,COLLAGEN HD AQUA BB
300,Lurline,6133,Claris
301,Janis,9756,Zolpidem Tartrate
302,Verene,6120,Simvastatin
303,Herta,6968,ESZOPICLONE
304,Melba,5939,Sorine
305,Salomon,7375,All Day Allergy
306,Mora,3832,Hydrocodone Bitartrate And Acetaminophen
307,Etienne,1092,Skin Protectant
308,Bunny,8422,TENORMIN
309,Moselle,6252,Prednisone
310,Harold,2856,No7 Lifting and Firming Foundation Sunscreen SPF 15 Almond
311,Dehlia,2408,COUGH HEADACHE
312,Corette,8662,Risperidone
313,Xenos,3366,Notatum
314,Garland,2930,Menthol
315,Birdie,8792,TREATMENT LIPSHINE
316,Caryn,7140,Betapace AF
317,Bianka,6008,Colloidal Silver
318,Ede,1055,Aconite
319,Jaimie,5460,Atenolol
320,Guillemette,3666,Potassium Chloride
321,Alla,3032,Hydrochlorothiazide
322,Waylin,7498,Diaper Rash
323,Ethyl,5046,Clean and Clear
324,Marris,4333,Burkhart
325,Langston,8266,Nortriptyline Hydrochloride
326,Danielle,5246,Colgate Optic White
327,Bent,3093,Wrinkle Control
328,Irv,1407,RotaTeq
329,Jacklin,2354,Freshscent Sport Antibacterial
330,Bogey,3703,Hydrocodone Bitartate and Acetaminophen
331,Mathew,8453,Penicillin V Potassium
332,Ellissa,8840,Misoprostol
333,Winny,7640,Diovan
334,Brenden,1725,Lisinopril
335,Klement,1090,Treatment Set TS348490
336,Alanna,5998,Icy Hot Power Gel
337,Denyse,5335,GOOD AFTERNOON BERRY BERRY TEA BB
338,Belinda,3044,Dicyclomine
339,Grange,9580,Bethanechol Chloride
340,Dorelia,8874,Pantoprazole Sodium
341,Dorolisa,1219,Potassium Acetate
342,Erminie,1698,SOMAVERT
343,Violet,6728,Proventil HFA
344,Godart,9323,Potassium Chloride
345,Nefen,3756,Gabapentin
346,Robb,8548,Octreotide Acetate
347,Floyd,4190,COLTALIN
348,Gris,5844,PIROXICAM
349,Axel,2213,Ondansetron
350,Whitman,6853,CHILDRENS DIMETAPP MULTISYMPTOM COLD AND FLU
351,Ddene,7406,Carbon Dioxide Refrigerated
352,Witty,9157,rexall hydrocortisone 1
353,Elfrieda,1866,PAIN RELIEF PM
354,Florance,6843,Standardized Sweet Vernal Grass Pollen
355,Germain,8590,Sterymine Pain Relief
356,Delaney,6042,Epiphysis Plumbum
357,Marillin,4057,Cultivated Rye
358,Dominik,2431,Meloxicam
359,Mac,5600,Kadian
360,Scarface,9159,Esomeprazole strontium
361,Gabi,4020,XtraCare Creamy Petroleum Jelly
362,Kathrine,8664,Dove Ultimate Beauty Care Smooth Cashmere
363,Donna,7708,Epinephrine
364,Antonella,6162,HOUSE DUST
365,Georgeta,9423,Azuro
366,Idalina,9314,MUS MUSCULUS SKIN
367,Trixi,1752,Herbon Berry Buddies/Watermelon Goodypops
368,Jessie,6952,FOAMING ANTIBACTERIAL
369,Evita,1334,UltraMax Roll On
370,Buffy,7415,Ciprofloxacin
371,Cassius,4390,Total Chlorine
372,Devinne,8966,Joint Rescue
373,Min,9383,ZOCOR
374,Valentino,4878,Botanics Complexion Refining Day Moisture Sunscreen SPF 12
375,Red,6123,Pomada de Sulfa
376,Cristabel,8426,biclora-D
377,North,9243,Fears and Nightmares
378,Brooke,8376,Amitriptyline Hydrochloride
379,Laurice,9457,Tussin DM
380,Clarence,3885,Rimmel London
381,Fanchon,1834,"Butalbital, Aspirin and Caffeine"
382,Vi,4264,Galantamine
383,Anna,2785,Lisinopril
384,Antonetta,9908,Oxcarbazepine
385,Ezra,2238,Rifampin
386,Patty,3315,Piperacillin and Tazobactam
387,Winifred,6114,Lisinopril
388,Cynthie,5952,RESILIENCE LIFT
389,Gussie,7040,WRINKLESS CT-1
390,Ethelyn,4644,Tiger Balm
391,Babbie,2188,Doxazosin
392,Nari,9363,Sodium Bicarbonate
393,Kingsley,4723,Amoxicillin
394,Alayne,1707,NAUS-EASE
395,Phillipe,6326,Toothache Neuralgia
396,Dav,4254,ROPINIROLE HYDROCHLORIDE
397,Maximilien,6110,flormar BB Sheer Tinted Beauty Sunscreen Broad Spectrum SPF 15 04 Medium Beige
398,Gracie,8499,Metformin Hydrochloride
399,Auguste,3135,Carvedilol
400,Vance,5353,Terazosin hydrochloride
401,Dunn,5570,Our Family
402,Far,7278,tizanidine
403,Devinne,9509,Oxygen
404,Nolana,3336,HESPAN
405,Booth,4058,Hives
406,Wynn,2157,CAPTOPRIL
407,Reinwald,1721,ShopRite Allergy D 12
408,Giffer,7163,NEXT CHOICE
409,Jean,1783,Antacid
410,Sayre,8807,Cefdinir
411,Shirlee,8026,Calcitrene
412,Alastair,5756,Famotidine
413,Ali,3930,Cupcake
414,Cirstoforo,4268,HORSERADISH
415,Alfonso,6977,Tussin Original
416,Eberto,1629,Gabapentin
417,Eamon,9121,PROCHLORPERAZINE MALEATE
418,Jean,5152,Flu Relief Therapy Day Time
419,Brina,1549,equate aspirin
420,Dominica,2675,Eye Drops SY
421,Maisey,2828,Clindamycin Hydrochloride
422,Ida,9393,Wal-Finate D
423,Rachael,6422,dg health aller ease
424,Trix,4670,Fenofibrate
425,Germain,7700,Intuniv
426,Moe,5033,ANTIBACTERIAL
427,Winne,5962,Sumatriptan Succinate
428,Catlaina,7803,White Oak
429,Annamarie,1905,Lymphdrainex
430,Yancey,9029,Amoxicillin
431,Selig,8163,Naproxen Sodium
432,Fedora,4606,CLE DE PEAU BEAUTE FOUNDATION L
433,Skipper,2753,Sertraline hydrochloride
434,Doloritas,6995,Cyclosporine
435,Oliviero,4836,White Mulberry
436,Tonye,1287,Cefuroxime Axetil
437,Fifine,4591,DIGOXIN
438,Melody,4230,Sulindac
439,Emmy,1682,ZzzSleep
440,Alaric,5019,Swimmers Support
441,Cobby,6426,Topcare Antacid
442,Damon,6061,Mary Kay Tinted Lip Balm Sunscreen SPF 15 Blush
443,Micki,1928,topcare antacid calcium
444,Barr,1164,CLARINS Broad Spectrum SPF 15 Everlasting Foundation Tint 112
445,Tess,7890,Neurospora intermedia
446,Lacie,7741,Sertraline
447,Kore,4529,Levothyroxine Sodium
448,Marie-ann,9191,enema
449,Annadiana,3772,Povidone Iodine
450,Lindsy,8502,Gabazolamine-0.5
451,Dennison,6030,Ketoconazole
452,Guinevere,6171,Rexall All Day Pain Relief
453,Koral,3420,formula em
454,Christoper,1409,Metoclopramide
455,Gustave,9006,Mycobactin S
456,Shirleen,2208,ORIGINAL POWER REFIRMING AMPOULE
457,Courtnay,1533,Eye Wash
458,Hesther,6330,Gerbil Epithelium
459,Alfonso,8329,Serotonin
460,Vergil,9686,Amiodarone Hydrochloride
461,Oneida,7824,Synthroid
462,Kristen,5322,Promethazine hydrochloride
463,Verney,8627,TRUFFLE EX WRINKLE TONER
464,Worden,9918,ETHOSUXIMIDE
465,Winfred,5276,Oxytocin
466,Hailey,7241,Body Raves Antibacterial Hand Sanitizer - Wild Strawberry
467,Nedda,9534,Hydrocodone Bitartrate and Acetaminophen
468,Daren,5940,BEING TRUE ESSENTIALS ABSOLUTELY RADIANT
469,Carilyn,7098,flormar REBORN DOUBLE RADIANCE PRIMER HIGHLIGHTER SUNSCREEN BROAD SPECTRUM SPF 10
470,Terrence,9928,Balancing Dynamics Kit
471,Lil,6846,Head and Shoulders
472,Wilhelmina,7464,Losartan Potassium and Hydrochlorothiazide
473,Raquela,5059,Laxative
474,Roseann,9758,Depakote
475,Asher,1499,Paclitaxel
476,Orelle,2381,Triamterene hydrochlorothiazide
477,Andrew,8417,Anoro Ellipta
478,Thomasina,9661,Oxazepam
479,Huntlee,9222,Hay Fever
480,Haskel,7660,Losartan Potassium
481,Veronike,7128,Aveeno Active Naturals Positively Radiant Daily Moisturizer
482,Hy,1347,"Dextroamphetamine Saccharate, Amphetamine Aspartate, Dextroamphetamine Sulfate, and Amphetamine Sulfate"
483,Amery,2405,"Cockroach, American"
484,Denny,1512,topcare childrens pain and fever
485,Stella,2390,ABIES NIGRA
486,Trish,6388,ESIKA Extreme Moisturizing SPF 16
487,Eduardo,2506,NIGHTTIME
488,Sibyl,5121,Etodolac
489,Florella,9561,Ciclopirox Olamine
490,Bertram,9166,rizatriptan benzoate
491,Hailee,4798,Givenchy TEINT COUTURE Long Wearing Fluid Foundation with Sunscreen Broad Spectrum SPF 20 ELEGANT VANILLA
492,Daffy,5410,Instant Hand Sanitizer Convenience Pack
493,Victoir,7588,Hydrocodone Bitartrate and Acetaminophen
494,Wilek,3066,Muscular Balm
495,Aksel,6892,WhiskCare 375
496,Lilas,4598,FazaClo
497,Bridgette,8319,Venlafaxine Hydrochloride
498,Selina,4331,Luminous Pure Aura CC
499,Kele,4063,Carbamazepine
500,Freedman,4403,SparkleFresh
501,Sofia,3690,Summer Bisque Foundation SPF 20
502,Neysa,6614,flormar PERFECT COVERAGE FOUNDATION SUNSCREEN BROAD SPECTRUM SPF 15 102 Soft Beige
503,Cordy,5652,Honeydew Melon
504,Malorie,3397,Siltussin DM
505,Farley,1523,Heparin Sodium
506,Jenna,2352,Dermadrox
507,Grethel,3586,CITALOPRAM
508,Merrile,1825,No7 Dual Action Tinted Moisturiser Medium
509,Filbert,1706,Folbic
510,Annmarie,5955,Nitroglycerin
511,Dionisio,9258,TAMSULOSIN HYDROCHLORIDE
512,Evaleen,6433,SOFT AND PRECIOUS NURSERY
513,Shauna,3423,Ondansetron
514,Xenos,1216,ARRANON
515,Ingram,1309,Ofloxacin ophthalmic
516,Joachim,3963,FUSARIUM OXYSPORUM VASINFECTUM
517,Luigi,3855,Oxybutynin Chloride
518,Wynn,3784,Prialt
519,Prudi,1521,Atenolol
520,Mureil,6284,TOPCARE
521,Hernando,2909,ConZip
522,Caresse,8477,Venlafaxine
523,Lem,7558,ANTIBACTERIAL FOAMING
524,Ginelle,8059,Nivea For Men Q10 Energy
525,Sarajane,4946,Plasbumin
526,Walther,7968,Ibuprofen
527,Staffard,7937,Nasal Ease Allergy Reliever
528,Kelsy,4397,Repaglinide
529,Babette,8249,Chlorpropamide
530,Hobie,8610,Cyclobenzaprine Hydrochloride
531,Rebecca,7489,Doxazosin
532,Lurlene,4059,Nicotine
533,Aprilette,9881,SoftSheenCarson Magic Bump Rescue Spot Treatment
534,Antony,3421,Humco Aluminum Acetate (Burrow)
535,Rubia,1494,Oxygen
536,Angie,3388,SYNTHROID
537,Cassi,5333,TAMSULOSIN HYDROCHLORIDE
538,Simone,6706,Histenol Forte II
539,Shamus,8611,Levetiracetam
540,Morton,9074,SHISEIDO FUTURE SOLUTION LX DAYTIME PROTECTIVE
541,Sayre,8780,Pioglitazone Hydrochloride and Metformin Hydrochloride
542,Correy,1159,ALAVERT ALLERGY
543,Gibb,1477,Childrens Allergy
544,Leodora,7507,Minoxidil
545,Jacquelyn,4816,CIPROFLOXACIN
546,Wake,4449,Naproxen Sodium
547,Elwira,9568,Treatment Set TS329197
548,Rolf,9376,Levetiracetam
549,Neil,1276,Zep E-2 Hand Sanitizing Cleaner
550,Sheilah,5131,NITROUS OXIDE
551,Steward,1791,Escitalopram
552,Jeniece,5953,PredniSONE
553,Amaleta,6640,Methotrexate
554,Vivianne,4088,Perfect Sleep
555,Kiri,1600,ARTEMISIA TRIDENTATA POLLEN
556,Carlota,8638,Sweet Corn
557,Nikolai,3050,EQUALINE
558,Aidan,7996,Octreotide Acetate
559,Melosa,4209,Lisinopril
560,Danielle,7423,warfarin sodium
561,Marty,6711,Glutathione
562,Alverta,6753,Aspirin
563,Lynnea,6215,PredniSONE
564,Norman,2461,Aconitum Belladonna
565,Marlane,7655,BOTANICS TRIPLE ACTION DAY MOISTURE CREAM SUNSCREEN SPF 15
566,Madelyn,7475,Terconazole
567,Quinton,1447,TOPIRAMATE
568,Rollie,2087,Good Sense Acid Reducer
569,Anders,4632,Medline Acetaminophen
570,Susanetta,8741,CEFTRIAXONE AND DEXTROSE
571,Sasha,6512,Headache
572,Brant,5342,Tinted Moisturizer SPF20
573,Claudelle,5867,LEVOTHYROXINE SODIUM
574,Gavin,9317,SOLU-MEDROL
575,Nev,3904,Upper Respiratory Staph Strep Combination
576,Vikki,4333,NightTime Sinus Relief
577,Patin,1833,Triple Antibiotic
578,Dara,1629,Lotensin HCT
579,Kasey,7409,7 Select Ibuprofen
580,Kaiser,1986,Ice Elements
581,Lianna,8091,Nabumetone
582,Malynda,2921,Metronidazole
583,Garvey,6815,Proactiv Repairing Treatment
584,Lee,8146,Hydralazine Hydrochloride
585,Merola,2155,SINGULAIR
586,Saidee,7201,Walgreens Anti-Sagging and Ultra Hydrating Day Broad Spectrum SPF15 Sunscreen
587,Gianina,7372,Methimazole
588,Lulu,7268,OCLIPSE Sunscreen plus Primer Broad-Spectrum SPF 30 UVA/UVB Protection
589,Donnie,2408,ANTISEPTIC SKIN CLEANSER
590,Roosevelt,6891,Irritated Eye
591,Dorolisa,4529,Tanzeum
592,Emanuele,2959,Terrasil Boil Pain Relief
593,Beck,1521,Aveeno Active Naturals Smart Essentials Daily Nourishing Moisturizer
594,Noak,5278,"Molds, Rusts and Smuts, Fusarium vasinfectum"
595,Avram,8570,Antibacterial Wet Wipes
596,Freemon,3920,Penicillin V Potassium
597,Gerhard,2139,Desmopressin Acetate
598,Britte,8986,Humulin 70/30
599,Katharina,8740,Bupropion Hydrochloride
600,La verne,6165,ESIKA
601,Agnella,7079,Oxygen
602,Aloysia,3768,Amoxicillin
603,Harper,9135,Amazonian Colored Clay Foundation Broad Spectrum SPF 15 Sunscreen
604,Charis,6524,Illusion Tinted Moisturizer Broad Spectrum Nude
605,Donielle,9721,Diaper Rash
606,Wallas,6647,Montelukast Sodium
607,Harriette,8859,Lysol
608,Marion,3648,Aftermath Hand Sanitizer
609,Ferrell,9388,ConZip
610,Morie,5447,Hand Sanitizer
611,Greer,7855,Cenestin
612,Marion,5989,Sore Throat Relief
613,Valentin,7701,NOURISHING hydrator
614,Corbett,9855,FIBROMYALGIA
615,Katuscha,2501,PENICILLIUM CHRYSOGENUM VAR CHRYSOGENUM
616,Pietra,9097,Pepto-Bismol and Pepto-Bismol
617,Demetra,5062,BABY INFANT EARACHE DROPS
618,Marti,3542,Trihexyphenidyl Hydrochloride
619,Dion,3781,Relpax
620,Harv,3650,equaline childrens cold and cough
621,Archambault,7799,Health Mart fiber caplets
622,Hubie,5245,Zyvox
623,Clio,7979,zermat body breeze Roll-On Antiperspirant
624,Ronda,3559,Clinical Works Lavender Blossom Waterless Hand Sanitizer
625,Lara,8333,ibuprofen
626,Adaline,4660,propranolol hydrochloride
627,Luther,9432,Prednisone
628,Emlynne,3646,Hepar Sulphuris Calcareum 30c
629,Gwyneth,1485,clindamycin hydrochloride
630,Alwyn,6517,INON
631,Lena,6107,Climara
632,Cam,3740,health mart childrens ibuprofen
633,Dyanne,8950,Badger Kids SPF 30 Sunscreen
634,Janetta,3912,"Molds, Rusts and Smuts, Phoma herbarum"
635,Nigel,8540,ESIKA HD COLOR HIGH DEFINITION COLOR SPF 20
636,Maddy,5796,Nasal Decongestant PE
637,Skipton,2457,Artificial Tears
638,Martguerita,8742,Vicks NyQuil Severe
639,Ellen,2353,THROMBIN-JMI
640,Sandor,6792,Phentermine Hydrochloride
641,Torey,4030,Topcare Cold Head Congestion
642,Charis,4539,Rembrandt Deeply White Plus Peroxide Whitening
643,Carlo,9912,Paroxetine
644,Barbara-anne,1911,SPF-60
645,Barbaraanne,9881,StarCap Medical Private Limited
646,Dedra,8350,Diltiazem Hydrochloride
647,Gloria,7268,Dr. Berrys APOTHECARY Neuropathy Therapy
648,Bryce,1540,Glycopyrrolate
649,Boonie,2710,PLEO THYM
650,Burnard,5535,Northera
651,Cherlyn,7833,Walgreens Pain Relieving for Boils
652,Chalmers,7144,Medrox
653,Mallory,5254,MENEST
654,Bartholomeus,7943,Barriere
655,Carlene,3381,Leader Low Dose Aspirin
656,Ofella,6971,FOSINOPRIL Na
657,Arabele,2196,No7 Lift and Luminate Day Sunscreen Broad Spectrum SPF 15
658,Sherwood,1848,DR. S. WONGS ACNE TREATMENT SULPHUR
659,Brittan,7671,Amitriptyline Hydrochloride
660,Nico,4941,Neutrogena Sensitive Skin Sunblock
661,Etti,6147,North Antihistamine
662,Nelly,8611,Naturasil
663,Alta,5462,metformin hydrochloride
664,Edgardo,4344,CEFOTAXIME
665,Honor,5323,ANS/CNS
666,Robbert,1890,Furosemide
667,Bernard,4745,Dry Scalp Care
668,Nester,9527,MAJOR DOK Docusate Sodium
669,Enoch,3511,PREMIER VALUE MEDICATED WIPES
670,Carney,5656,Spongia Ovi
671,Ettore,6284,OralLine Secure
672,Wilow,8759,CEFOTAXIME
673,Goldina,3852,Effexor
674,Reinhold,9354,Estradiol
675,Merill,6604,Atovaquone and Proguanil Hydrochloride
676,Rodolph,2103,Lamotrigine
677,Sydney,1283,OXYGEN
678,Osbert,9760,Pilocarpine hydrochloride
679,Phillis,4809,Rocuronium
680,Merv,6991,METFORMIN HYDROCHLORIDE
681,Ingram,2446,Speech Therapy
682,Conway,5235,Amantadine Hydrochloride
683,Kalie,8103,Hydrochlorothiazide
684,Doralyn,1292,LA MER THE BROAD SPECTRUM SPF 50 UV PROTECTING FLUID
685,Ferdinande,7627,TopCare Cough Relief Sugar Free Cherry Flavor
686,Roselin,2544,DG Health Mucus Relief
687,April,5020,Propranolol Hydrochloride
688,Julee,3487,Fosinopril Sodium and Hydrochlorothiazide
689,Katine,4299,Stomach Relief
690,Olympia,5944,NERVE TONIC STRESS RELIEF
691,Rupert,1903,Divalproex Sodium
692,Wallace,9455,nicotine polacrilex
693,Melita,3206,ESIKA PERFECT SKIN COVERAGE CONCEALER SPF 17
694,Valry,9889,Rouge Dior 670 Pink Ruby Serum
695,Tabbitha,9352,Pindolol
696,Torrance,8241,Cefoxitin
697,Kay,4821,Smart Sense Allergy Relief
698,Townie,2888,Ibuprofen
699,Peggie,9900,Vibramycin Hyclate
700,Karleen,1122,H-Rosacea Formula
701,Margalo,7894,Furosemide
702,Lea,3965,Nitrofurantoin Macrocrystals
703,Velvet,2973,NITROGLYCERIN
704,Derrek,4435,Soothe and Cool Free Skin Paste
705,Prisca,3776,Lemon Glycerin
706,Vinny,1710,Multi-Symptom Cold and Cough Daytime Nighttime
707,Tami,7764,SOLAR SENSE CLEAR ZINC SUNSCREEN VALUE PACK 50 PLUS
708,Mycah,1166,Healthy Accents Pain Relief PM
709,Elnora,3310,Lusair
710,Stanleigh,5636,LAMOTRIGINE
711,Jared,1327,Raymond Waites Honeysuckle Rose Waterless Anti-bacterial Hand Sanitizer
712,Kerwin,9692,Greasewood Pollen
713,Danita,4347,Platinum for Men
714,Norah,2293,Nortriptyline Hydrochloride
715,Rollie,7714,Oxycodone HCl Controlled-Release
716,Ariana,5966,ciprofloxacin
717,Erie,4933,Sotalol hydrochloride
718,Bobbye,4193,Darkleaves Mugwort
719,Gail,6162,Bio Vervain
720,Jermaine,5286,"Fentanyl Citrate, Bupivacaine HCl"
721,Mordecai,5727,Calcium carbonate
722,Etty,1179,Ofloxacin
723,Dagmar,1980,SKIN ERUPTIONS
724,Jared,7542,Pleo Fort
725,Kristo,9806,Cold Sore Treatment
726,Robert,10000,Nivea For Men Protective
727,Raffaello,8654,Leg Strong Trifusion
728,Justin,3138,CARE ONE
729,Shena,7279,Propoxyphene
730,Vlad,8643,Desipramine Hydrochloride
731,Oran,8367,Allopurinol
732,Dasha,5021,Piroxicam
733,Sibley,1229,equaline athletes foot
734,Gwenny,6831,Leader Pain and Fever
735,Benedict,3124,berkley and jensen nicotine
736,Barny,1243,Lamotrigine
737,Anya,1999,Treatment Set TS347335
738,Payton,9242,Meprobamate
739,Skye,9553,Naturasil
740,Corrina,6122,BISMOL
741,Estella,7568,ANBESOL REGULAR STRENGTH
742,Leda,1737,Venlafaxine Hydrochloride
743,Anthony,2522,Spa Originals Instant Hand Sanitizer
744,Fancie,7846,Metformin Hydrochloride
745,Marco,8390,Telmisartan and Amlodipine
746,Hardy,6180,Cold and Cough
747,Torrin,1742,Candy Apple Anti Bacterial Hand Sanitizer
748,Loise,4316,THE YEON LOTUS FLOWER BC CUSHION PACT
749,Marigold,8485,SAFEWAY
750,Florry,1204,EBOLA REMEDY
751,Isadore,1125,good sense enema
752,Cyrillus,3640,Eczema and Psoriasis Therapy
753,Vidovik,2830,LBel
754,Morty,2257,Heparin Sodium
755,Goddart,5801,Benzphetamine Hydrochloride
756,Ruby,6653,Right Guard Sport
757,Sibeal,2324,ABSORBINE JR
758,Ericha,3160,Amoxapine
759,Jenn,6792,Ceftriaxone Sodium
760,Cherye,8795,Indomethacin
761,Nate,3330,OPANA
762,Joycelin,8279,Warfarin Sodium
763,Harris,6234,Fomepizole
764,Abbe,3373,YSNORE
765,Colly,2395,Nefazodone Hydrochloride
766,Nissie,5682,zaleplon
767,Stanford,9168,NITROUS OXIDE
768,Andreana,7318,Propranolol Hydrochloride
769,Alwin,1781,Galantamine
770,Gerri,9511,Lotrel
771,Wat,2924,Mosquito
772,Meagan,6480,Fresh Lime Antibacterial Foaming Hand Wash
773,Darby,4155,Clorazepate Dipotassium
774,Zsa zsa,5722,ENALAPRIL MALEATE
775,Sallyanne,7713,PreNatal Vitamins Plus
776,Donelle,4769,Triaminic
777,Fredericka,9146,Hydroxychloroquine sulfate
778,Kaitlynn,2617,Dipyridamole
779,Agnola,1359,Budpak Feminine Anti-Itch
780,Alejandra,9288,Amitriptyline Hydrochloride
781,Iosep,1886,Mesalamine
782,Connie,6044,Treatment Set TS348560
783,Rice,3655,VENLAFAXINE HYDROCHLORIDE
784,Donny,1927,Cefoxitin
785,Elaina,6152,EQUALINE BLUE ICE PAIN RELIEVING
786,Drucy,2505,Cefuroxime axetil
787,Blaire,6667,Equate Naproxen Sodium
788,Bennie,8637,Colgate Optic White
789,Jareb,3706,Neomycin Polymyxin B Sulfates and Dexamethasone
790,Hanan,7500,BOS TAURUS SKIN
791,Tracie,4749,Oxycodone and Acetaminophen
792,Joann,6178,Nifedipine
793,Prissie,4101,CD DiorSkin Forever Flawless Perfection Fusion Wear Makeup SPF 25 - 030
794,Niki,8936,ANTIBACTERIAL
795,Nissa,1936,Propranolol Hydrochloride
796,Dennison,5717,Oxygen
797,Coop,8268,Morphine Sulfate
798,Jeno,4306,Otis Clapp Valihist
799,Bevvy,9233,Piperacillin and Tazobactam
800,Deerdre,9049,Eszopiclone
801,Elsinore,8517,Lexiscan
802,Chancey,4257,Rite Aid
803,Waneta,7766,Crest
804,Ethelin,5756,Lisinopril
805,Brendon,1891,Medisilke
806,Emanuel,6287,CHELIDONIUM MAJUS
807,Torry,5927,Piperacillin and Tazobactam
808,Mario,6061,Divalproex Sodium
809,Dwain,8040,RITUALS broad spectrum SPF 15 sunscreen matt finish foundation SHADE 13
810,Lauritz,9417,ADVIL
811,Hermina,9925,Pleo Nota-Quent
812,Skelly,4235,Leader Sinus and Allergy PE
813,Sascha,9045,Topcare Infants Pain Relief
814,Tammi,9669,ONDANSETRON HYDROCHLORIDE
815,Marji,7864,Carisoprodol
816,Rayna,1115,Promethazine Hydrochloride
817,Daria,1516,Cephalexin
818,Roch,6850,Hectorol
819,Rand,3180,Bethanechol Chloride
820,Preston,9601,LOSARTAN POTASSIUM AND HYDROCHLOROTHIAZIDE
821,Ulrich,4362,Sulindac
822,Syd,9121,Givenchy Photo Perfexion Fluid Foundation Broad Spectrum SPF 20 Perfect Beige
823,Clemmy,9049,Lungs and Bronchial Relief
824,Aurora,3943,LBEL divine lip gloss SPF 15
825,Deborah,5780,Mycophenolic Acid
826,Vida,1671,Arnica Plus
827,Yorke,9950,Estradiol
828,Aimil,6544,Levothyroxine Sodium
829,Northrup,8275,Atenolol
830,Jeremias,9727,Atenolol
831,Nanice,2948,Novana Moisturizing
832,Sashenka,2177,SWIMMERS ITCH GUARD
833,Elijah,5742,Ibuprofen
834,Mellisa,3395,Handex Instant Hand Sanitizer
835,Fleur,9945,Pilocarpine Hydrochloride
836,Chandal,2404,Venapro
837,Keefer,4592,AHAVA ACTIVE DEADSEA MINERALS
838,Evaleen,3332,Metronidazole
839,Lindy,9303,XOXO Kit
840,Jobyna,1617,Levalbuterol
841,Sybyl,2374,Womens Dry Eye
842,Ripley,4663,ONDANSETRON
843,Blaire,2394,PHENDIMETRAZINE TARTRATE
844,Eduardo,3442,Cetirizine Hydrochloride
845,Melody,1368,leader nite time
846,Xylina,2847,Clonazepam
847,Margaret,8300,risperidone
848,Susanetta,2169,Hand Wash
849,Jerad,2758,venlafaxine hydrochloride
850,Aime,2058,Childrens Allergy
851,Merrel,4828,Erythromycin
852,Latashia,5036,Citalopram
853,Lizbeth,8951,Childrens Chewable Pain Reliever
854,Fulton,4861,Nu Skin Nu Colour
855,Faina,4223,Direct Safety Aspirin Free
856,Cord,5297,ICING
857,Joanie,7559,preferred plus arthritis pain
858,Glenn,1115,Gabapentin
859,Waly,7939,Isosorbide Dinitrate
860,Lola,3114,Pleo Relivora
861,Grace,6323,PMS Tone
862,Thelma,6050,Paroxetine
863,Maxy,7467,Wart Control
864,Grayce,1387,Tretinoin
865,Joyann,6027,Youthful Wear Cosmeceutical Youth Boosting Foundation
866,Kain,2094,GAP Favorite Lip Balm
867,Kitty,5177,CEFPROZIL
868,Freeland,7961,Doxepin Hydrochloride
869,Niko,4795,Sleep Easy
870,Orton,3172,No7 Protect and Perfect Intense Day Cream SPF 15
871,Charlton,9132,Deb Med Antimicrobial Foaming Hand Wash Fragrance Free Dye Free
872,Leticia,7284,Eye Stress
873,Sutherland,6804,Ciprofloxacin
874,Twyla,7031,Quetiapine fumarate
875,Giorgia,4907,Ondansetron
876,Guglielma,4013,Prevage Anti Aging Moisture Broad Spectrum Sunscreen SPF 30
877,Jimmy,7668,ONDANSETRON HYDROCHLORIDE
878,Noach,9610,Olive Leaf Antibacterial Foaming Hand Wash
879,Belia,8363,dg health all day pain relief
880,Cos,4834,Quinidine Sulfate
881,Maureen,2787,"Pollens - Weeds and Garden Plants, Ragweed. Western Ambrosia psilostachya"
882,Jeff,3845,Hydrochlorothiazide
883,Rand,8998,IMITREX
884,Louisa,2343,Phosphorus
885,Cyril,6362,DIETHYLPROPION HYDROCHLORIDE
886,Lanny,4647,Sumadan Wash
887,Jordana,9115,Danazol
888,Dell,9499,Clarithromycin
889,Tomlin,1279,NARS ALL DAY LUMINOUS FOUNDATION
890,Carissa,6334,Ibuprofen and Diphenhydramine HCl
891,Sanson,5740,Ethambutol Hydrochloride
892,Kayle,5401,Terazosin Hydrochloride
893,Fan,6206,Triple Antibiotic
894,Gertrud,1614,DiorSkin Nude 040 Honey Beige
895,Chad,7161,Granisetron
896,Carree,7561,Neutrogena SkinClearing
897,Dinny,3271,Valacyclovir Hydrochloride
898,Frasco,8193,SUTENT
899,Jerrilee,6585,Norethindrone Acetate
900,Kayne,9451,Weed Grass Antigens
901,Adan,3942,Fludeoxyglucose F 18
902,Paddie,6419,TUMS
903,Bradney,1594,Roota Re V Tonic
904,Kliment,4595,Bupropion Hydrochloride
905,Dareen,4466,Inderal
906,Joceline,2567,Degree Clinical Protection Classic Romance
907,Wendy,7682,Simvastatin
908,Alvie,3376,EO HAND SANITIZER
909,Farly,8154,Methocarbamol
910,Kimmy,9018,Venlafaxine Hydrochloride
911,Schuyler,7308,Cyklokapron
912,Darwin,9924,Levofloxacin
913,Tiphany,8200,Desert Sage
914,Meade,4907,LOVASTATIN
915,Zarah,1472,Mulberry Mixture
916,Gottfried,4148,Sodium Chloride
917,Ingra,1947,Hycet
918,Eran,8776,"Pollens - Weeds and Garden Plants, Sorrel, Sheep Rumex acetosella"
919,Francois,8615,GUNA-ADDICT 1
920,Fanya,4140,OXYCODONE AND ACETAMINOPHEN
921,Vida,1010,Enalapril Maleate and Hydrochlorothiazide
922,Eddy,1229,Anti-Bacterial Deep Cleansing Hand
923,Lizzy,4210,GABITRIL
924,Ann-marie,7309,Nu Skin Clear Action
925,Barde,2860,Veti-Foam
926,Otha,8918,FoamFresh Alco-Foam Hand Sanitizer
927,Ezechiel,6684,VIRTUAL MATTE
928,Odetta,2897,triamcinolone acetonide
929,Eamon,3822,American Beech
930,Lucie,3762,Extra Strength Acetaminohpen
931,Tawnya,5862,Leader Original SPF 4 Lip Balm
932,Jacqui,4326,FUSARIUM OXYSPORUM VASINFECTUM
933,Ruby,6029,Metoprolol Tartrate
934,Skelly,2561,KLEENEX Antibacterial Clear Skin Cleanser
935,Fiorenze,7567,Degree
936,Urson,1850,PAUL AND JOE SILKY SMOOTH FOUNDATION UV 301
937,Louella,1068,Quartz Oxalis Nicotiana
938,Mikel,3195,Neomycin Sulfate
939,Sherwood,2784,Herbon Glacial Mint
940,Vassili,5712,Desonide
941,Corny,7852,Isopto Carbachol
942,Haleigh,2079,ClindaMax
943,Lucila,2508,PINK BISMUTH
944,Clary,9301,Carvedilol
945,Olenka,9892,"Food - Plant Source, Brazil Nut Bertholletia excelsa"
946,Austin,9551,Morphine Sulfate
947,Xenia,9363,METHADONE HYDROCHLORIDE
948,Penn,7433,Harmon Face Values Daily Facial
949,Lorain,6238,Nighttime Cold n Cough 4 Kids
950,Riccardo,9548,SunZone Family SPF 30
951,Job,3282,Medulla Arnica
952,Raimondo,3515,Cough DM
953,Ulises,6621,Symmetry Foaming Hand Sanitizer-Fragrance Free with Aloe and Vitamin E
954,Casper,7325,Run Kang BZK Antiseptic Towelettes
955,Marieann,7116,Amiodarone Hydrochloride
956,Hewie,1196,Glytone Acne Facial Masque
957,Kelcie,2841,Garnier Fructis Antidandruff
958,Missy,2075,Lipitor
959,Krystyna,4627,Hand Sanitizer
960,Gualterio,2935,Tarka
961,Vilma,4409,"Molds, Rusts and Smuts, Cephalosporium acremonium"
962,Koren,8920,Daytime
963,Bessie,3788,Metoclopramide
964,Federica,2654,Koh Gen Do Aqua Foundation
965,Nadiya,6304,Mag-Al Plus XS
966,Ambrosius,2299,Atracurium Besylate
967,Wolfy,5854,Mystic Foaming Hand Sanitizer
968,Elana,8895,Fluconazole
969,Berkly,9953,Pacerone
970,Eveleen,4379,All Day Allergy
971,Marrissa,9207,Levofloxacin
972,Frans,3237,Low Dose Aspirin
973,Trista,7837,Good Neighbor Pharmacy Acid Control 150
974,Wynne,2896,Breast Help
975,Camille,2452,ZOLPIDEM TARTRATE
976,Mia,2334,Diltiazem Hydrochloride
977,Paddy,9192,Amber Mouth Rinse
978,Roch,2798,Imipramine Hydrochloride
979,Judie,4801,Amoxicillin and Clavulanate Potassium
980,Danny,4688,CLADOSPORIUM SPHAEROSPERMUM
981,Durante,7297,Hematogen FA
982,Hestia,6361,Clozapine
983,Leoine,4879,Australian Gold
984,West,6730,ANTI BACTERIAL HAND SANITIZER
985,Virginie,9268,Givenchy Photo Perfexion Fluid Foundation SPF 20 Perfect Spice Tint 9
986,Stanleigh,1865,Metolazone
987,Trev,5993,EstroGel
988,Darby,2621,Fluoxetine
989,Meridith,3907,Halobetasol Propionate
990,Hewe,3895,GINSENG KIANPI PIL
991,Fritz,7010,Isosorbide Dinitrate
992,Anjanette,9559,STROMECTOL
993,Dunstan,3684,Onfi
994,Cecily,6209,Mycophenolate Mofetil
995,Evanne,7329,Softsoap Instant Hand Sanitizer with moisturizers
996,Deanna,8084,STEFANO
997,Any,8799,Levetiracetam
998,Vince,4712,IOPE RETIGEN GLOW COVER CAKE
999,Marmaduke,4613,Xodol
1000,Hildegarde,6056,bisoprolol fumarate
