1,Pork Loin Bine - In Frenched,8302
2,Wine - Magnotta - Pinot Gris Sr,4268
3,"Juice - Apple, 500 Ml",8610
4,Milk - Buttermilk,4843
5,Wine - Placido Pinot Grigo,6043
6,Pan Grease,3641
7,Butter - Salted,7183
8,Chocolate - Chips Compound,113
9,Burger Veggie,998
10,Cheese - Brick With Pepper,1901
11,Cheese - Le Cru Du Clocher,4868
12,Ecolab - Hobart Washarm End Cap,9388
13,"Rum - Light, Captain Morgan",343
14,Sour Puss Sour Apple,8678
15,Cattail Hearts,3473
16,"Ham - Smoked, Bone - In",8229
17,Lighter - Bbq,6677
18,Juice Peach Nectar,5047
19,Sugar - Cubes,7849
20,Amarula Cream,7051
21,Wine - Chenin Blanc K.w.v.,528
22,Alize Gold Passion,8709
23,Banana - Green,6339
24,Rabbit - Frozen,399
25,Basil - Pesto Sauce,2593
26,Chips Potato Swt Chilli Sour,657
27,Chinese Foods - Chicken,8697
28,Potatoes - Mini White 3 Oz,2559
29,"Beans - Kidney, Red Dry",2366
30,Coffee Cup 8oz 5338cd,6279
31,Mushrooms - Honey,6874
32,Wine - Riesling Alsace Ac 2001,3525
33,Wiberg Super Cure,1747
34,Beef - Kobe Striploin,6332
35,Cookies Cereal Nut,7963
36,Lettuce - Lambs Mash,6457
37,Sauce - Salsa,1207
38,"Beef - Ox Tongue, Pickled",6791
39,Liquid Aminios Acid - Braggs,8005
40,Juice - Lagoon Mango,7756
41,Pork - Caul Fat,591
42,Syrup - Kahlua Chocolate,848
43,Puree - Pear,5882
44,External Supplier,1576
45,"Turkey - Breast, Boneless Sk On",9089
46,Lotus Root,8631
47,Salt - Sea,907
48,"Wine - White, Lindemans Bin 95",6650
49,Bread - Mini Hamburger Bun,2139
50,"Rosemary - Primerba, Paste",3775
51,Chicken - Livers,6547
52,"Pasta - Fettuccine, Egg, Fresh",965
53,Longos - Penne With Pesto,1452
54,Cleaner - Pine Sol,881
55,Cheese - Valancey,5603
56,Wine - Magnotta - Cab Franc,4051
57,Beets - Pickled,1512
58,"Mushroom - Oyster, Fresh",1787
59,Pastry - Chocolate Chip Muffin,5532
60,Soupfoamcont12oz 112con,4561
61,Longos - Assorted Sandwich,3440
62,Parsley - Fresh,2658
63,Wine - Chablis J Moreau Et Fils,3872
64,Muffins - Assorted,4346
65,"Pasta - Fett Alfredo, Single Serve",1027
66,Compound - Passion Fruit,7426
67,Wine - Ruffino Chianti,7395
68,Olives - Kalamata,9045
69,"Nut - Pistachio, Shelled",8625
70,Flower - Commercial Spider,9073
71,Wine - Cotes Du Rhone Parallele,8732
72,Spice - Greek 1 Step,1950
73,Smoked Tongue,1504
74,"Rum - White, Gg White",2514
75,Lettuce - Red Leaf,5887
76,Chocolate - Unsweetened,2555
77,Cheese - Ermite Bleu,2819
78,Brandy - Bar,1703
79,Puree - Raspberry,1621
80,"Sauce - Bernaise, Mix",7480
81,Pastry - Cherry Danish - Mini,2443
82,Breadfruit,2496
83,"Chicken - Thigh, Bone In",7286
84,Island Oasis - Cappucino Mix,7389
85,Broom - Corn,1600
86,Transfer Sheets,7142
87,"Wine - Red, Concha Y Toro",1687
88,"Arctic Char - Fresh, Whole",8050
89,Squid - Breaded,3741
90,Basil - Seedlings Cookstown,1721
91,Rice - Brown,8424
92,Scampi Tail,820
93,Pork - Sausage Casing,5709
94,"Cheese - Mozzarella, Buffalo",781
95,Bar - Granola Trail Mix Fruit Nut,6156
96,Lamb Rack - Ontario,1946
97,Wine - Saint Emilion Calvet,7569
98,Wine - Charddonnay Errazuriz,9116
99,Fruit Salad Deluxe,2151
100,"Vermouth - White, Cinzano",2461
101,Rootbeer,3940
102,Rice - Basmati,4386
103,Beef Wellington,7301
104,Wine - Chateauneuf Du Pape,3917
105,Sprouts - Onion,7507
106,Beef - Sushi Flat Iron Steak,1522
107,Muffin - Banana Nut Individual,6337
108,"Wine - White, Antinore Orvieto",9000
109,Roe - White Fish,9488
110,Tofu - Firm,9592
111,Gatorade - Lemon Lime,1591
112,"Veal - Round, Eye Of",7090
113,"Pork - Tenderloin, Frozen",8142
114,Hot Chocolate - Individual,5670
115,Squid - U 5,8577
116,Cake - Box Window 10x10x2.5,1004
117,Tomatoes - Orange,4994
118,Bread - Multigrain Oval,641
119,Cheese - La Sauvagine,1957
120,"Shrimp - 16 - 20 Cooked, Peeled",2995
121,Lemon Grass,8343
122,Wine - Vineland Estate Semi - Dry,4966
123,Bread - Crusty Italian Poly,2514
124,Salt - Kosher,5381
125,Nantucket - Orange Mango Cktl,5079
126,"Seedlings - Mix, Organic",8378
127,Longan,7272
128,"Nut - Almond, Blanched, Whole",3572
129,Appetizer - Smoked Salmon / Dill,3164
130,"Chocolate - Pistoles, Lactee, Milk",6366
131,Mayonnaise - Individual Pkg,5910
132,Cheese - Gouda,1148
133,Pate Pans Yellow,3419
134,Bread - Kimel Stick Poly,9429
135,Wine - Chardonnay Mondavi,4326
136,Tequila - Sauza Silver,398
137,Muffin Puck Ww Carrot,7312
138,Langers - Ruby Red Grapfruit,4478
139,"Bread - Multigrain, Loaf",6776
140,"Bread - Roll, Soft White Round",5941
141,Towels - Paper / Kraft,4273
142,Chocolate Eclairs,363
143,"Napkin - Cocktail,beige 2 - Ply",3074
144,"Veal - Shank, Pieces",8393
145,Bread - Italian Sesame Poly,616
146,Jam - Raspberry,496
147,Butter - Unsalted,2421
148,Cactus Pads,8991
149,Mudslide,1259
150,Cake - Mini Cheesecake,6786
151,Sobe - Berry Energy,2498
152,Coffee - Flavoured,5348
153,Huck Towels White,6252
154,Tuna - Yellowfin,1689
155,Lobak,2603
156,Bagel - Plain,2975
157,Sauce - Hoisin,748
158,Nestea - Iced Tea,2299
159,"Coconut - Shredded, Sweet",4399
160,"Sauce - Soya, Dark",9155
161,Lotus Root,6262
162,Wine - Chianti Classica Docg,465
163,"Lid - 10,12,16 Oz",7873
164,"Bread - Pullman, Sliced",1247
165,Ice Cream Bar - Oreo Cone,4708
166,Appetizer - Tarragon Chicken,993
167,Wine - Stoneliegh Sauvignon,2202
168,"Mushroom - Shitake, Fresh",7221
169,Smirnoff Green Apple Twist,4372
170,"Water - Spring Water, 355 Ml",6890
171,Foam Espresso Cup Plain White,4854
172,Island Oasis - Pina Colada,2511
173,Tomatoes Tear Drop,2003
174,Juice - Happy Planet,5992
175,Wine - Rosso Del Veronese Igt,9625
176,Chocolate - Chips Compound,923
177,Coffee - Dark Roast,6545
178,Banana - Leaves,6845
179,Cookie - Dough Variety,9301
180,Pork - Hock And Feet Attached,9171
181,"Mushroom - Oyster, Fresh",810
182,Pastry - French Mini Assorted,5256
183,Table Cloth 81x81 White,5007
184,Pepper - Chilli Seeds Mild,8006
185,Rabbit - Whole,431
186,Duck - Breast,2487
187,Syrup - Monin - Granny Smith,8905
188,Lotus Leaves,4055
189,Sardines,9778
190,Okra,2548
191,Chicken - Whole Fryers,9694
192,Beef - Cow Feet Split,3430
193,Flour - Whole Wheat,9853
194,Squash - Pepper,195
195,Shrimp - 100 / 200 Cold Water,5882
196,"Lentils - Red, Dry",1411
197,Tea - Jasmin Green,7692
198,Sprouts - Onion,5304
199,"Pasta - Penne Primavera, Single",6839
200,Dehydrated Kelp Kombo,9008
201,Squash - Sunburst,681
202,Bread - French Stick,4959
203,Cheese - Blue,590
204,Nacho Chips,9024
205,Madeira,3903
206,Thyme - Fresh,8394
207,Muffin Carrot - Individual,6690
208,Sproutsmustard Cress,2291
209,Brandy - Bar,8589
210,Soup - Campbells Broccoli,1707
211,Sour Puss - Tangerine,2942
212,Lid Tray - 16in Dome,3493
213,Pheasants - Whole,4939
214,Squid - U 5,6167
215,Table Cloth 53x69 White,8224
216,Rice Paper,4027
217,Cookies Almond Hazelnut,2744
218,Paper - Brown Paper Mini Cups,3046
219,Fudge - Cream Fudge,5155
220,Tahini Paste,101
221,"Pasta - Rotini, Colour, Dry",9253
222,Paper Cocktail Umberlla 80 - 180,9269
223,Papadam,705
224,"Olives - Green, Pitted",755
225,Buffalo - Short Rib Fresh,1999
226,Ecolab Crystal Fusion,7759
227,Flower - Leather Leaf Fern,404
228,Chives - Fresh,6317
229,Breakfast Quesadillas,6775
230,Beer - Mill St Organic,7087
231,Cheese Cheddar Processed,3498
232,Waffle Stix,216
233,Apple - Macintosh,4268
234,Asparagus - Frozen,6959
235,Flour - Chickpea,198
236,"Mushroom - Porcini, Dry",386
237,Raspberries - Frozen,4541
238,Steampan - Foil,2251
239,Ginger - Pickled,6514
240,Cookie Double Choco,4532
241,V8 Splash Strawberry Banana,5072
242,"Wine - Red, Cabernet Sauvignon",725
243,Crawfish,3665
244,Beer - Maudite,5173
245,Spice - Onion Powder Granulated,8643
246,"Quail - Whole, Bone - In",1273
247,Oil - Coconut,4975
248,Pepperoni Slices,8727
249,Lobster - Live,4619
250,Mushroom Morel Fresh,9247
251,"Artichokes - Knobless, White",7089
252,Appetizer - Assorted Box,508
253,Pastry - Raisin Muffin - Mini,2123
254,Cheese Cloth,6783
255,Chips Potato Reg 43g,483
256,Juice - Orange,5258
257,Teriyaki Sauce,4239
258,Apricots Fresh,1698
259,"Mushroom - Shitake, Fresh",6175
260,"Mushroom - Chantrelle, Fresh",4162
261,Onion - Dried,7740
262,"Nut - Peanut, Roasted",1507
263,Venison - Ground,2199
264,"Soup - Knorr, Chicken Gumbo",937
265,Potatoes - Yukon Gold 5 Oz,2439
266,Bread - Petit Baguette,7436
267,"Juice - Apple, 1.36l",5567
268,Steam Pan Full Lid,8069
269,Spice - Pepper Portions,5349
270,"Chilli Paste, Hot Sambal Oelek",5403
271,Red Currants,238
272,Container - Hngd Cll Blk 7x7x3,1669
273,Juice - Lemon,247
274,Wine - Vovray Sec Domaine Huet,8916
275,Cookies Cereal Nut,7086
276,Lambcasing,390
277,Steamers White,6256
278,Star Fruit,9976
279,Ice Cream - Vanilla,317
280,Soup - Chicken And Wild Rice,6974
281,Juice - Orangina,3373
282,"Wine - White, Riesling, Henry Of",4455
283,Scrubbie - Scotchbrite Hand Pad,3909
284,"Chilli Paste, Sambal Oelek",1074
285,Venison - Racks Frenched,4944
286,"Seedlings - Mix, Organic",1836
287,Pineapple - Golden,1280
288,Beer - Corona,7972
289,"Chocolate - Pistoles, White",2189
290,"Beans - Kidney, Canned",9446
291,Tea - Jasmin Green,9001
292,Lamb - Loin Chops,7453
293,Sprouts - Peppercress,6940
294,"Chicken - White Meat, No Tender",4045
295,Bread - Malt,507
296,Pepper - Cayenne,8980
297,Chips - Potato Jalapeno,9863
298,Milk - Skim,3314
299,Pepper - Cubanelle,2472
300,Soup - Campbells Chili Veg,9744
301,"Nut - Pistachio, Shelled",7276
302,"Pork - Bacon, Sliced",9320
303,Wheat - Soft Kernal Of Wheat,4991
304,Onions - White,3119
305,Tomatoes Tear Drop,1525
306,Soup - French Can Pea,5751
307,"Wine - Sherry Dry Sack, William",9516
308,Persimmons,439
309,Longos - Cheese Tortellini,4286
310,Soup - Campbells,3680
311,Mix - Cocktail Ice Cream,1335
312,Appetizer - Tarragon Chicken,5450
313,Soup - Campbells Tomato Ravioli,6581
314,Sauce - Thousand Island,5417
315,Oil - Sunflower,3609
316,Five Alive Citrus,3445
317,Wine - Periguita Fonseca,6846
318,Wine - Muscadet Sur Lie,4251
319,Cake - Cake Sheet Macaroon,5127
320,Cookie Dough - Double,4937
321,Lettuce - Sea / Sea Asparagus,7284
322,Chicken - Whole Fryers,7744
323,Kellogs All Bran Bars,5229
324,Bread - Dark Rye,7853
325,"Potatoes - Instant, Mashed",6154
326,Whmis - Spray Bottle Trigger,858
327,Lettuce - Spring Mix,8528
328,Carrots - Mini Red Organic,6271
329,Soup - Base Broth Chix,3997
330,Tomato Puree,6213
331,Bread - Italian Sesame Poly,6257
332,"Bread - Pita, Mini",9064
333,Pie Pecan,8216
334,Artichoke - Fresh,331
335,"Turkey - Whole, Fresh",1208
336,"Fish - Base, Bouillion",6824
337,Initation Crab Meat,6897
338,Aspic - Amber,1628
339,Muffin - Blueberry Individual,8924
340,Tomato Puree,989
341,Clam Nectar,7788
342,"Tomatoes - Plum, Canned",1293
343,Soup - Cream Of Broccoli,3819
344,Rice - Wild,6360
345,Salt - Seasoned,1043
346,Pasta - Angel Hair,7173
347,Yucca,9052
348,Tomatoes Tear Drop Yellow,1738
349,"Gingerale - Schweppes, 355 Ml",1495
350,Pastry - Raisin Muffin - Mini,3718
351,Cinnamon Buns Sticky,6065
352,Pears - Anjou,1410
353,Bread - Corn Muffaleta Onion,7763
354,Bread - Corn Muffaleta Onion,4517
355,Blue Curacao - Marie Brizard,1763
356,Beans - Fava Fresh,3647
357,Skewers - Bamboo,616
358,Beef - Tender Tips,8897
359,Eel Fresh,2799
360,Juice - Prune,2754
361,"Chilli Paste, Sambal Oelek",969
362,Salmon Steak - Cohoe 6 Oz,2137
363,Syrup - Monin - Passion Fruit,2576
364,Lotus Root,6285
365,Cheese - Roquefort Pappillon,5614
366,Lettuce - Romaine,3216
367,Taro Leaves,782
368,Chinese Foods - Chicken,7956
369,"Sugar - Brown, Individual",2996
370,Limes,2637
371,Munchies Honey Sweet Trail Mix,5424
372,Filo Dough,9260
373,Wasabi Powder,4171
374,Gelatine Leaves - Bulk,8661
375,Potatoes - Idaho 100 Count,800
376,Lettuce - Curly Endive,5257
377,Wine - Port Late Bottled Vintage,1222
378,"Veal - Inside Round / Top, Lean",8338
379,Wine - Baron De Rothschild,6334
380,"Butter - Salted, Micro",1654
381,Crackers - Soda / Saltins,6556
382,Pastry - Key Limepoppy Seed Tea,922
383,Water - Spring 1.5lit,8724
384,Mahi Mahi,8976
385,Wine - Sauvignon Blanc Oyster,9427
386,"Lid - 10,12,16 Oz",3314
387,Scotch - Queen Anne,5429
388,Food Colouring - Pink,4747
389,"Beef - Kindney, Whole",8502
390,"Bar Mix - Pina Colada, 355 Ml",322
391,Seaweed Green Sheets,8993
392,Buffalo - Striploin,163
393,Nori Sea Weed,259
394,Puree - Mocha,1984
395,Steamers White,3509
396,Flour - Masa De Harina Mexican,9968
397,Sauce - Rosee,3575
398,"Fish - Atlantic Salmon, Cold",4170
399,Mountain Dew,6099
400,Ice Cream - Chocolate,3757
401,Drambuie,2836
402,Duck - Legs,7886
403,Lettuce - Boston Bib - Organic,7586
404,"Turkey - Breast, Smoked",4087
405,Nantucket - 518ml,1700
406,Turnip - Wax,9710
407,Oneshot Automatic Soap System,8280
408,Spinach - Baby,1320
409,Blackberries,1628
410,Cup - Paper 10oz 92959,6016
411,"Oil - Olive, Extra Virgin",1917
412,Zucchini - Yellow,9320
413,Tea - Lemon Green Tea,9269
414,Peppercorns - Pink,1644
415,Oil - Cooking Spray,5297
416,Sauce - Thousand Island,5374
417,Chocolate - Dark Callets,7120
418,Carbonated Water - Peach,1399
419,Melon - Cantaloupe,724
420,Tomatoes Tear Drop Yellow,9584
421,Foam Dinner Plate,2534
422,Tomato - Peeled Italian Canned,1081
423,Beef - Tenderloin Tails,6522
424,"Soup - Campbells, Spinach Crm",5632
425,Bouillion - Fish,5041
426,Appetizer - Seafood Assortment,6393
427,Hersey Shakes,1350
428,Sauce - Marinara,9213
429,Crab - Imitation Flakes,3800
430,"Beef - Tenderlion, Center Cut",8016
431,"Lemonade - Natural, 591 Ml",8137
432,Mushroom - Chanterelle Frozen,9439
433,Sobe - Berry Energy,7847
434,Beans - Kidney White,9362
435,"Beef - Tongue, Cooked",3236
436,Chutney Sauce - Mango,7102
437,"Beans - Black Bean, Preserved",3468
438,Parsley - Dried,4533
439,"Fish - Artic Char, Cold Smoked",1557
440,Pears - Bosc,637
441,"Mushroom - Chanterelle, Dry",5508
442,Lettuce - California Mix,7903
443,Tea - Herbal Sweet Dreams,724
444,Squash - Pepper,5521
445,Truffle - Peelings,4355
446,Chips Potato All Dressed - 43g,9981
447,"Coke - Classic, 355 Ml",4742
448,Tea - Herbal - 6 Asst,8608
449,Sage Derby,9492
450,Rabbit - Whole,3450
451,Nutmeg - Ground,4454
452,Extract Vanilla Pure,9061
453,Food Colouring - Pink,9946
454,"Pasta - Rotini, Dry",5061
455,Allspice - Jamaican,8022
456,Cleaner - Bleach,3248
457,Wine - Chablis 2003 Champs,3759
458,Raisin - Golden,4551
459,Spinach - Spinach Leaf,1605
460,"Artichoke - Bottom, Canned",1995
461,Cookie Dough - Oatmeal Rasin,618
462,Muffins - Assorted,7569
463,Chocolate - Liqueur Cups With Foil,6162
464,Soup - Base Broth Chix,3668
465,Mix - Cocktail Strawberry Daiquiri,6663
466,Dry Ice,8400
467,Fuji Apples,3693
468,Ice Cream Bar - Drumstick,3084
469,Soup - Campbells,140
470,Table Cloth 62x120 Colour,2861
471,Beans - Soya Bean,2574
472,"Ice - Clear, 300 Lb For Carving",4382
473,Pastrami,4040
474,Sobe - Liz Blizz,5477
475,Lamb Rack - Ontario,8152
476,Papayas,8245
477,Juice - Orange 1.89l,5780
478,Plate Pie Foil,4858
479,Wine - Balbach Riverside,5875
480,"Wine - White, Cooking",5914
481,"Doilies - 5, Paper",9524
482,Bandage - Fexible 1x3,7026
483,Container - Clear 32 Oz,3171
484,Wine - Periguita Fonseca,1312
485,Goat - Whole Cut,4427
486,Garlic Powder,2734
487,Pastrami,5979
488,Wine - Fume Blanc Fetzer,732
489,Pepper - Gypsy Pepper,5222
490,Bread - Hot Dog Buns,683
491,Cocoa Powder - Natural,6072
492,"Wine - Niagara,vqa Reisling",421
493,Bread - Olive Dinner Roll,2468
494,Bread - Sour Batard,9348
495,"Wine - Red, Pinot Noir, Chateau",1871
496,Cookie Dough - Chocolate Chip,7653
497,Appetizer - Mushroom Tart,8832
498,Sambuca - Ramazzotti,1161
499,Soup - Campbells Asian Noodle,6673
500,Pineapple - Regular,7912
501,Scallop - St. Jaques,2967
502,Chocolate - Dark Callets,5196
503,Bread - Pain Au Liat X12,9309
504,Versatainer Nc - 8288,2679
505,Chives - Fresh,1365
506,Pepperoni Slices,4315
507,Assorted Desserts,500
508,Oil - Cooking Spray,123
509,Veal Inside - Provimi,2107
510,Wine - Vineland Estate Semi - Dry,1267
511,"Yogurt - Strawberry, 175 Gr",7109
512,Praline Paste,9608
513,Scallops - 10/20,6073
514,Wine - Gewurztraminer Pierre,2398
515,Spice - Montreal Steak Spice,4304
516,"Crab - Dungeness, Whole",8769
517,Mangostein,5608
518,Cheese - Cottage Cheese,4948
519,Pork - Smoked Back Bacon,7194
520,Bagel - Plain,2906
521,Squash - Pepper,9365
522,Dried Cherries,9433
523,Energy Drink - Franks Pineapple,2190
524,Artichokes - Jerusalem,639
525,Island Oasis - Lemonade,8652
526,"Beans - Black Bean, Preserved",2025
527,"Pork - Loin, Center Cut",3966
528,Milkettes - 2%,1565
529,"Mustard - Dry, Powder",5896
530,Gloves - Goldtouch Disposable,6045
531,Lettuce - Curly Endive,3943
532,"Bag - Bread, White, Plain",6616
533,Veal - Striploin,2245
534,"Fish - Base, Bouillion",6608
535,"Bread - Multigrain, Loaf",2216
536,Coffee Caramel Biscotti,6724
537,Lemon Balm - Fresh,2586
538,Bread - Multigrain,3192
539,"Placemat - Scallop, White",1477
540,Mustard - Seed,3703
541,"Mushrooms - Black, Dried",4066
542,Sugar - Individual Portions,8412
543,"Lamb - Whole Head Off,nz",5214
544,"Bar Mix - Pina Colada, 355 Ml",9472
545,Cheese - Ricotta,2703
546,Zucchini - Green,3397
547,"Rosemary - Primerba, Paste",2280
548,Wine - Maipo Valle Cabernet,6961
549,Wine - Delicato Merlot,1544
550,Milk 2% 500 Ml,5037
551,Alize Sunset,5695
552,Towels - Paper / Kraft,2281
553,Flour Dark Rye,1987
554,Steampan - Lid For Half Size,9401
555,Bamboo Shoots - Sliced,9416
556,Transfer Sheets,7616
557,"Beef - Ox Tail, Frozen",6585
558,"Quail - Whole, Boneless",2724
559,Island Oasis - Mango Daiquiri,5382
560,Soup - Tomato Mush. Florentine,7567
561,Muffin Mix - Lemon Cranberry,9185
562,Chocolate - Liqueur Cups With Foil,2196
563,Wine - Ruffino Chianti,6567
564,Sauce Bbq Smokey,1961
565,Coriander - Seed,6313
566,Chinese Foods - Cantonese,3059
567,V8 - Tropical Blend,2115
568,Oven Mitt - 13 Inch,8582
569,Yogurt - French Vanilla,4997
570,Yucca,7221
571,Wine - Red Oakridge Merlot,1808
572,"Lid - 10,12,16 Oz",4761
573,Jerusalem Artichoke,6387
574,Bagelers - Cinn / Brown Sugar,1877
575,Tia Maria,2894
576,Fuji Apples,6850
577,Bread - Corn Muffaleta Onion,7408
578,"Squash - Pattypan, Yellow",5773
579,Tea - Mint,881
580,Longos - Chicken Curried,4559
581,Oats Large Flake,3966
582,"Garlic - Primerba, Paste",3963
583,Tea - Vanilla Chai,4416
584,Sea Urchin,2359
585,"Cheese - Mozzarella, Buffalo",8304
586,Banana,7417
587,Ice Cream - Vanilla,6783
588,Cookies - Fortune,6444
589,Beef - Tenderloin - Aa,4067
590,Fudge - Cream Fudge,1294
591,Cut Wakame - Hanawakaba,888
592,Guava,9576
593,"Pork - Bacon, Sliced",5459
594,Lotus Root,5533
595,Milk Powder,4197
596,Compound - Orange,8895
597,"Croissant, Raw - Mini",1604
598,Nori Sea Weed,8861
599,"Juice - Orange, 341 Ml",6358
600,Pickle - Dill,7396
601,Soap - Pine Sol Floor Cleaner,8044
602,Icecream - Dibs,426
603,Bar Bran Honey Nut,524
604,Wine - Malbec Trapiche Reserve,6675
605,Soup V8 Roasted Red Pepper,7338
606,Lamb - Rack,2740
607,Wine - Shiraz Wolf Blass Premium,4238
608,Juice - Propel Sport,8494
609,Ham - Cooked,4015
610,Wine - Ej Gallo Sierra Valley,3458
611,Puree - Strawberry,905
612,"Fish - Atlantic Salmon, Cold",220
613,Cookie - Dough Variety,6605
614,Fiddlehead - Frozen,2617
615,Ginger - Crystalized,9080
616,Chinese Foods - Pepper Beef,1747
617,Basil - Thai,8568
618,Lamb Rack Frenched Australian,7065
619,Energy - Boo - Koo,453
620,"Lid - Translucent, 3.5 And 6 Oz",4599
621,Yogurt - Assorted Pack,965
622,"Pasta - Penne, Rigate, Dry",2316
623,Chinese Foods - Cantonese,2268
624,"Red Snapper - Fillet, Skin On",2171
625,Sobe - Tropical Energy,7369
626,"Rum - Spiced, Captain Morgan",1112
627,Energy - Boo - Koo,4233
628,"Doilies - 7, Paper",2476
629,Whmis Spray Bottle Graduated,5536
630,Tea - Orange Pekoe,928
631,Veal - Knuckle,7973
632,"Lemonade - Island Tea, 591 Ml",8029
633,Scallop - St. Jaques,9805
634,Wine - Ruffino Chianti Classico,8439
635,Wine - Sauvignon Blanc Oyster,3466
636,Steampan - Lid For Half Size,2471
637,Orange Roughy 6/8 Oz,235
638,Tomatoes - Cherry,3606
639,Bacardi Raspberry,7071
640,Capicola - Hot,5183
641,"Beef - Tongue, Cooked",3791
642,Muffin Mix - Oatmeal,2089
643,Syrup - Monin - Granny Smith,366
644,Tea - Black Currant,8145
645,"Pepper - Chillies, Crushed",6592
646,Beef Striploin Aaa,1694
647,Pastry - Baked Scones - Mini,9728
648,Cut Wakame - Hanawakaba,5556
649,"Bread - White, Unsliced",6738
650,Everfresh Products,3967
651,"Fish - Halibut, Cold Smoked",3710
652,Extract - Almond,1453
653,Cream - 18%,5850
654,Mcguinness - Blue Curacao,6943
655,Beef Wellington,5863
656,Sauce - Fish 25 Ozf Bottle,2939
657,Nantucket - Carrot Orange,8277
658,Numi - Assorted Teas,3456
659,Pomello,2195
660,Smirnoff Green Apple Twist,9101
661,Trout Rainbow Whole,5764
662,"Ham - Smoked, Bone - In",3072
663,Drambuie,2890
664,Mix - Cocktail Strawberry Daiquiri,4384
665,Tia Maria,5826
666,"Soup - Campbells, Butternut",648
667,Tea - Decaf Lipton,9288
668,Towel - Roll White,113
669,"Beef - Tongue, Cooked",6146
670,Wine - Magnotta - Cab Sauv,8331
671,Truffle Cups - White Paper,1120
672,"Vermacelli - Sprinkles, Assorted",9103
673,Spice - Pepper Portions,6014
674,"Tray - Foam, Square 4 - S",3871
675,Wine - Toasted Head,3584
676,Icecream - Dstk Strw Chseck,5439
677,Cocoa Feuilletine,6599
678,Rice Wine - Aji Mirin,1585
679,Beef - Flank Steak,6941
680,Pork - Smoked Kassler,7644
681,"Soup - Campbells, Chix Gumbo",9227
682,Pepper - Roasted Red,5124
683,"Pepper - Green, Chili",942
684,"Veal - Round, Eye Of",2517
685,Beer - Original Organic Lager,5523
686,Knife Plastic - White,7934
687,Mint - Fresh,488
688,Veal Inside - Provimi,7688
689,Potatoes - Idaho 80 Count,6684
690,"Soup - Cream Of Broccoli, Dry",6323
691,Cornstarch,3274
692,Quail Eggs - Canned,6466
693,Grenadillo,8632
694,Wine - Taylors Reserve,5361
695,Beef Cheek Fresh,1755
696,Bamboo Shoots - Sliced,9259
697,Coffee - French Vanilla Frothy,4871
698,"Pasta - Tortellini, Fresh",7351
699,Compound - Rum,8519
700,Longos - Chicken Wings,654
701,Wine - Muscadet Sur Lie,6609
702,Muffin - Zero Transfat,4067
703,Coconut Milk - Unsweetened,2451
704,Lettuce Romaine Chopped,6889
705,Sobe - Tropical Energy,2206
706,Cheese - Comte,3447
707,Bread Base - Toscano,8403
708,Oil - Olive,7417
709,Chocolate - Milk Coating,5567
710,Cheese - Provolone,7828
711,Tofu - Soft,166
712,Wine - Sawmill Creek Autumn,9069
713,"Juice - Grapefruit, 341 Ml",3478
714,Pork - Caul Fat,6428
715,Veal - Bones,1778
716,Parsley - Fresh,6382
717,Glove - Cutting,1859
718,Tia Maria,5042
719,Ham - Proscuitto,8255
720,Hagen Daza - Dk Choocolate,4323
721,Ginger - Crystalized,4892
722,Steampan - Foil,8013
723,Higashimaru Usukuchi Soy,9313
724,Pastry - Mini French Pastries,7795
725,Glass Clear 8 Oz,9675
726,Cake - Pancake,1715
727,"Veal - Tenderloin, Untrimmed",5872
728,Currants,9453
729,Puree - Mango,9915
730,Scallops - In Shell,6780
731,Eggwhite Frozen,9631
732,Kellogs Raisan Bran Bars,781
733,Bread - Granary Small Pull,8748
734,Coffee Cup 8oz 5338cd,287
735,Syrup - Monin - Granny Smith,4385
736,Seabream Whole Farmed,4228
737,Lettuce - Escarole,3014
738,Sprouts - Corn,4798
739,Vinegar - Raspberry,362
740,Fennel,8921
741,"Shrimp, Dried, Small / Lb",5688
742,"Ranchero - Primerba, Paste",2888
743,Ecolab - Medallion,9272
744,Muffin Hinge Container 6,1636
745,Puree - Pear,2588
746,Seedlings - Clamshell,6567
747,Rabbit - Saddles,9848
748,Bread Crumbs - Japanese Style,6138
749,Drambuie,5526
750,Yogurt - Assorted Pack,2329
751,Radish - Pickled,6002
752,"Nestea - Ice Tea, Diet",762
753,Mangostein,8400
754,Phyllo Dough,8664
755,Soup - Tomato Mush. Florentine,6213
756,Carbonated Water - Orange,5451
757,"Lemonade - Island Tea, 591 Ml",1705
758,Coffee - 10oz Cup 92961,740
759,"Sole - Dover, Whole, Fresh",2992
760,Tea - Herbal Sweet Dreams,6187
761,"Cake Circle, Paprus",6753
762,Sour Puss Raspberry,1502
763,Wine - Toasted Head,7004
764,Wine - Cotes Du Rhone,4742
765,Wine - Chateauneuf Du Pape,7631
766,Magnotta Bel Paese Red,5398
767,Bread - Focaccia Quarter,2827
768,Soup Bowl Clear 8oz92008,1399
769,"Beer - Alexander Kieths, Pale Ale",6960
770,Bagel - Plain,5795
771,Fudge - Cream Fudge,8993
772,Mustard - Seed,6640
773,"Beef - Ground, Extra Lean, Fresh",3768
774,Sesame Seed,2684
775,Wine - Shiraz South Eastern,5023
776,Appetizer - Smoked Salmon / Dill,2168
777,"Marsala - Sperone, Fine, D.o.c.",3646
778,Chevril,5414
779,Peach - Halves,3999
780,Versatainer Nc - 8288,8395
781,Container Clear 8 Oz,257
782,Shiratamako - Rice Flour,7919
783,Tart - Raisin And Pecan,3543
784,Puree - Strawberry,5549
785,Aspic - Clear,4944
786,Bagelers,9846
787,Puree - Guava,3362
788,Energy Drink Bawls,3646
789,Wine - Duboeuf Beaujolais,5474
790,Versatainer Nc - 8288,5442
791,"Juice - Pineapple, 341 Ml",1504
792,Danishes - Mini Cheese,3641
793,Drambuie,4902
794,Dried Cranberries,1561
795,Ginger - Ground,3585
796,Tea Peppermint,6134
797,"Lemonade - Kiwi, 591 Ml",7685
798,Energy - Boo - Koo,5630
799,Tomatoes - Heirloom,5362
800,Garlic - Elephant,5761
801,Edible Flower - Mixed,3550
802,Muffin - Zero Transfat,2707
803,"Wine - Red, Marechal Foch",9081
804,"Lemonade - Mandarin, 591 Ml",1830
805,Wine - Pinot Grigio Collavini,4392
806,Appetizer - Lobster Phyllo Roll,1062
807,Pomegranates,6971
808,Wine - Zonnebloem Pinotage,3829
809,Wine - Puligny Montrachet A.,6871
810,Wine - Riesling Alsace Ac 2001,9078
811,Sauce - Salsa,2250
812,Tea - English Breakfast,578
813,"Artichoke - Hearts, Canned",857
814,Remy Red Berry Infusion,369
815,Milk Powder,7133
816,Wine - Pinot Noir Latour,5320
817,Cafe Royale,4547
818,Jerusalem Artichoke,8902
819,Pop - Club Soda Can,186
820,Puff Pastry - Sheets,5162
821,Kolrabi,5274
822,Pate Pans Yellow,5764
823,The Pop Shoppe Pinapple,9266
824,Wine - Dubouef Macon - Villages,1253
825,Wine - Ruffino Chianti,1956
826,Bouq All Italian - Primerba,6965
827,Juice - Ocean Spray Kiwi,7524
828,Garbage Bags - Black,5812
829,Calypso - Black Cherry Lemonade,5047
830,"Wine - White, Pelee Island",2576
831,Chick Peas - Dried,5058
832,Currants,3844
833,Cardamon Ground,6681
834,Cleaner - Lime Away,9699
835,Pastry - Banana Tea Loaf,6557
836,"Artichokes - Knobless, White",2122
837,Juice - Apple Cider,4097
838,Crackers - Water,5297
839,Chips Potato All Dressed - 43g,4712
840,"Asparagus - Green, Fresh",929
841,Juice - V8 Splash,769
842,"Salt - Rock, Course",7440
843,Hummus - Spread,938
844,Muffin - Carrot Individual Wrap,9847
845,Bread Crumbs - Japanese Style,410
846,Compound - Orange,3191
847,Wine - Casillero Del Diablo,3072
848,Bok Choy - Baby,1880
849,Munchies Honey Sweet Trail Mix,3872
850,Tomatoes - Grape,1694
851,Smirnoff Green Apple Twist,9208
852,Nantucket Orange Juice,7564
853,Monkfish - Fresh,3351
854,Mints - Striped Red,4249
855,"Wine - Red, Harrow Estates, Cab",6892
856,Banana - Green,2109
857,Kahlua,9043
858,Foam Dinner Plate,8606
859,Pork - Smoked Back Bacon,9753
860,Kale - Red,556
861,Icecream - Dibs,2842
862,Beer - Steamwhistle,7388
863,Bacardi Raspberry,5751
864,Cake - Lemon Chiffon,3609
865,Goat - Whole Cut,1038
866,Broom And Broom Rack White,5440
867,Veal - Heart,6129
868,Cheese - St. Paulin,2136
869,Sauce - Mint,3640
870,Table Cloth 90x90 Colour,9005
871,Lettuce - Lolla Rosa,5289
872,"Soup - French Onion, Dry",7270
873,"Mushroom - Chanterelle, Dry",9868
874,Rice - Jasmine Sented,1417
875,"Champagne - Brights, Dry",5368
876,Tea - Vanilla Chai,4471
877,Five Alive Citrus,8183
878,"Veal - Shank, Pieces",3627
879,Edible Flower - Mixed,8383
880,"Wine - White, Ej Gallo",9508
881,"Soup - Campbells, Lentil",8841
882,Devonshire Cream,3904
883,Bread - Petit Baguette,5260
884,Apple - Custard,9481
885,Squid - Breaded,3881
886,"Pork - Ham, Virginia",4666
887,Dragon Fruit,6373
888,Bagel - Everything,2595
889,Nantucket Orange Juice,2998
890,"Mushroom - Shitake, Dry",6143
891,Beans - Fava Fresh,2051
892,Wine - Chateauneuf Du Pape,8617
893,Potatoes - Fingerling 4 Oz,1846
894,Turnip - Mini,1321
895,"Brandy - Orange, Mc Guiness",9084
896,Trueblue - Blueberry,716
897,Eggplant - Regular,5926
898,Egg Patty Fried,2010
899,Wine - Ice Wine,9633
900,Peach - Fresh,9018
901,Wine - Toasted Head,1659
902,Squid - U 5,4407
903,Phyllo Dough,338
904,Lettuce Romaine Chopped,3784
905,Wine - Placido Pinot Grigo,9478
906,Strawberries - California,578
907,Fireball Whisky,7493
908,Table Cloth 62x114 White,1173
909,Ham - Virginia,4057
910,Raspberries - Frozen,6969
911,Wine - Masi Valpolocell,9029
912,Lettuce - Lolla Rosa,2287
913,Dc - Sakura Fu,7798
914,Table Cloth 54x72 White,1697
915,Tarragon - Fresh,7312
916,"Soup - Knorr, Country Bean",4280
917,Foam Espresso Cup Plain White,1301
918,Dawn Professionl Pot And Pan,5963
919,True - Vue Containers,9513
920,Coffee - French Vanilla Frothy,2273
921,Longos - Penne With Pesto,7592
922,Muffin - Bran Ind Wrpd,9954
923,Raisin - Golden,4280
924,Soup - Campbells Mac N Cheese,7202
925,"Nut - Almond, Blanched, Whole",1352
926,"Pail - 15l White, With Handle",1096
927,Gatorade - Orange,4551
928,Sloe Gin - Mcguinness,7537
929,Bread - French Stick,7867
930,Spice - Chili Powder Mexican,3876
931,Wine - Sawmill Creek Autumn,1548
932,Vector Energy Bar,9691
933,"Bread - Multigrain, Loaf",6538
934,Puree - Mango,6180
935,Cornflakes,3038
936,Ecolab Digiclean Mild Fm,6873
937,Nantuket Peach Orange,3120
938,Dc Hikiage Hira Huba,7639
939,Apples - Spartan,9122
940,Pastry - Cheese Baked Scones,2215
941,"Lentils - Red, Dry",1934
942,"Beef - Bones, Marrow",4281
943,Beef Striploin Aaa,8829
944,Cucumber - Pickling Ontario,8844
945,Mushroom - Portebello,8870
946,Table Cloth 62x114 Colour,9142
947,Island Oasis - Pina Colada,7204
948,Halibut - Steaks,1678
949,Oil - Peanut,565
950,Bread Ww Cluster,7633
951,Sobe - Berry Energy,4491
952,Beef - Diced,1827
953,"Roe - Lump Fish, Red",7029
954,Carrots - Mini Red Organic,9191
955,Glaze - Clear,8760
956,Cheese - Swiss,8268
957,Filo Dough,8383
958,Soup - Campbells Chili Veg,5680
959,Bagelers - Cinn / Brown,5211
960,Cheese - Parmesan Cubes,4378
961,Mustard - Seed,8475
962,Parsley - Fresh,5628
963,Olive - Spread Tapenade,119
964,"Juice - Apple, 500 Ml",2510
965,Heavy Duty Dust Pan,6052
966,Muffin Mix - Banana Nut,6646
967,Fireball Whisky,4609
968,Bread - Italian Roll With Herbs,4454
969,Broom - Corn,9850
970,Lettuce - Red Leaf,6650
971,Wine - Marlbourough Sauv Blanc,9901
972,"Chicken - Thigh, Bone In",6914
973,"Chilli Paste, Hot Sambal Oelek",8384
974,Milk - 2% 250 Ml,718
975,Wine - Alicanca Vinho Verde,5489
976,Sauce - Hollandaise,9680
977,Pumpkin,5151
978,"Yogurt - Banana, 175 Gr",5770
979,Wine - Riesling Alsace Ac 2001,4773
980,Water - Spring Water 500ml,3369
981,Chips Potato Salt Vinegar 43g,2004
982,Remy Red,465
983,Scampi Tail,1763
984,Crab - Meat Combo,1813
985,Coffee Swiss Choc Almond,775
986,"Crab - Claws, Snow 16 - 24",1770
987,Curry Paste - Madras,6173
988,Kellogs Cereal In A Cup,331
989,Mini - Vol Au Vents,8712
990,Pastry - Banana Tea Loaf,2934
991,Pepper - Scotch Bonnet,7775
992,Flower - Potmums,2030
993,Wine - Beringer Founders Estate,3641
994,Temperature Recording Station,9138
995,Wine - Pinot Noir Latour,8426
996,Scrubbie - Scotchbrite Hand Pad,8888
997,"Beef - Kindney, Whole",7805
998,"Soup - Knorr, Chicken Gumbo",879
999,Bread - Kimel Stick Poly,752
1000,Poppy Seed,3387
